{"cameraMode":{"drawMode":0,"name":"Shaded","section":"Shading Mode"},"sceneLighting":false,"audioPlay":false,"sceneViewState":{"showFog":true,"showMaterialUpdate":false,"showSkybox":true,"showFlares":true,"showImageEffects":true,"showParticleSystems":true},"in2DMode":false,"pivot":{"x":35.016571044921878,"y":1.5921311378479005,"z":-32.31843948364258},"rotation":{"x":-0.09213048964738846,"y":-0.7393378019332886,"z":0.10336963832378388,"w":-0.6589434146881104},"size":2.9882752895355226,"orthographic":false}