{"cameraMode":{"drawMode":0,"name":"Shaded","section":"Shading Mode"},"sceneLighting":false,"audioPlay":false,"sceneViewState":{"showFog":true,"showMaterialUpdate":false,"showSkybox":true,"showFlares":true,"showImageEffects":true,"showParticleSystems":true},"in2DMode":false,"pivot":{"x":-5.418813705444336,"y":-2.9468421936035158,"z":3.3177413940429689},"rotation":{"x":0.07930979877710343,"y":-0.18036533892154694,"z":0.014593801461160183,"w":0.9802883863449097},"size":53.7092170715332,"orthographic":false}