{"cameraMode":{"drawMode":0,"name":"Shaded","section":"Shading Mode"},"sceneLighting":false,"audioPlay":false,"sceneViewState":{"showFog":true,"showMaterialUpdate":false,"showSkybox":true,"showFlares":true,"showImageEffects":true,"showParticleSystems":true},"in2DMode":false,"pivot":{"x":-5.553266525268555,"y":6.5199384689331059,"z":-1.9700264930725098},"rotation":{"x":0.031286220997571948,"y":0.9664372801780701,"z":-0.14340512454509736,"w":0.21084386110305787},"size":15.195418357849121,"orthographic":false}