{"cameraMode":{"drawMode":0,"name":"Shaded","section":"Shading Mode"},"sceneLighting":false,"audioPlay":false,"sceneViewState":{"showFog":true,"showMaterialUpdate":false,"showSkybox":true,"showFlares":true,"showImageEffects":true,"showParticleSystems":true},"in2DMode":false,"pivot":{"x":178.08705139160157,"y":1.4111182689666749,"z":-6.093435287475586},"rotation":{"x":0.034824199974536899,"y":-0.9589220881462097,"z":0.2469109147787094,"w":0.13524356484413148},"size":4.482411861419678,"orthographic":false}