{"cameraMode":{"drawMode":0,"name":"Shaded","section":"Shading Mode"},"sceneLighting":false,"audioPlay":false,"sceneViewState":{"showFog":true,"showMaterialUpdate":false,"showSkybox":true,"showFlares":true,"showImageEffects":true,"showParticleSystems":true},"in2DMode":false,"pivot":{"x":38.0224609375,"y":5.839522361755371,"z":-27.82864761352539},"rotation":{"x":-0.06114267185330391,"y":-0.9387190937995911,"z":0.24805888533592225,"w":-0.23137596249580384},"size":4.22479772567749,"orthographic":false}