{"cameraMode":{"drawMode":0,"name":"Shaded","section":"Shading Mode"},"sceneLighting":false,"audioPlay":false,"sceneViewState":{"showFog":true,"showMaterialUpdate":false,"showSkybox":true,"showFlares":true,"showImageEffects":true,"showParticleSystems":true},"in2DMode":false,"pivot":{"x":54.97899627685547,"y":4.228734970092773,"z":-26.772216796875},"rotation":{"x":-0.08110272139310837,"y":0.5835795402526856,"z":-0.058731820434331897,"w":-0.8058584928512573},"size":4.321558952331543,"orthographic":false}