{"cameraMode":{"drawMode":0,"name":"Shaded","section":"Shading Mode"},"sceneLighting":false,"audioPlay":false,"sceneViewState":{"showFog":true,"showMaterialUpdate":false,"showSkybox":true,"showFlares":true,"showImageEffects":true,"showParticleSystems":true},"in2DMode":false,"pivot":{"x":33.12199401855469,"y":9.154263496398926,"z":-21.65121078491211},"rotation":{"x":0.0025531621649861337,"y":0.9914567470550537,"z":-0.1289244443178177,"w":0.019634198397397996},"size":10.0,"orthographic":false}