{"cameraMode":{"drawMode":0,"name":"Shaded","section":"Shading Mode"},"sceneLighting":false,"audioPlay":false,"sceneViewState":{"showFog":true,"showMaterialUpdate":false,"showSkybox":true,"showFlares":true,"showImageEffects":true,"showParticleSystems":true},"in2DMode":false,"pivot":{"x":0.19330048561096192,"y":7.894118309020996,"z":-2.711117744445801},"rotation":{"x":-0.06288057565689087,"y":0.13573947548866273,"z":0.00863551627844572,"w":0.9887094497680664},"size":7.429582595825195,"orthographic":false}