{"cameraMode":{"drawMode":0,"name":"Shaded","section":"Shading Mode"},"sceneLighting":false,"audioPlay":false,"sceneViewState":{"showFog":true,"showMaterialUpdate":false,"showSkybox":true,"showFlares":true,"showImageEffects":true,"showParticleSystems":true},"in2DMode":false,"pivot":{"x":26.29520606994629,"y":16.648944854736329,"z":-40.84827423095703},"rotation":{"x":-0.11457064002752304,"y":0.08126228302717209,"z":-0.00940406322479248,"w":-0.990041196346283},"size":6.353075981140137,"orthographic":false}