{"cameraMode":{"drawMode":0,"name":"Shaded","section":"Shading Mode"},"sceneLighting":false,"audioPlay":false,"sceneViewState":{"showFog":true,"showMaterialUpdate":false,"showSkybox":true,"showFlares":true,"showImageEffects":true,"showParticleSystems":true},"in2DMode":false,"pivot":{"x":-4.422933101654053,"y":-7.39840030670166,"z":9.942898750305176},"rotation":{"x":-0.31234174966812136,"y":0.12203429639339447,"z":-0.04049721360206604,"w":-0.9412280917167664},"size":36.5442008972168,"orthographic":false}