{"cameraMode":{"drawMode":0,"name":"Shaded","section":"Shading Mode"},"sceneLighting":false,"audioPlay":false,"sceneViewState":{"showFog":true,"showMaterialUpdate":false,"showSkybox":true,"showFlares":true,"showImageEffects":true,"showParticleSystems":true},"in2DMode":false,"pivot":{"x":40.19175720214844,"y":5.191226959228516,"z":-29.0461483001709},"rotation":{"x":-0.03292594105005264,"y":0.9665725231170654,"z":-0.19492937624454499,"w":-0.16326679289340974},"size":3.4215588569641115,"orthographic":false}