{"cameraMode":{"drawMode":0,"name":"Shaded","section":"Shading Mode"},"sceneLighting":false,"audioPlay":false,"sceneViewState":{"showFog":true,"showMaterialUpdate":false,"showSkybox":true,"showFlares":true,"showImageEffects":true,"showParticleSystems":true},"in2DMode":false,"pivot":{"x":39.743412017822269,"y":3.2756497859954836,"z":-17.154510498046876},"rotation":{"x":0.034735653549432757,"y":-0.9137688279151917,"z":0.08000235259532929,"w":0.3967615067958832},"size":53.7092170715332,"orthographic":false}